SET IDENTITY_INSERT [dbo].[Categorie] ON;
INSERT [dbo].[Categorie] ([IdCategorie], [Libelle]) VALUES 
  (1, N'After Hour')
, (2, N'Technologie')
, (3, N'Conférence')
, (4, N'Séminaire')
, (5, N'Marketing');
SET IDENTITY_INSERT [dbo].[Categorie] OFF;
GO

SET IDENTITY_INSERT [dbo].[Evenement] ON;
INSERT INTO [dbo].[Evenement] ([IdEvenement], [DateDebut], [DateFin], [Titre], [Description], [IdCategorie], [Prix]) VALUES 
  (1, CAST(N'2022-01-25T19:39:00.000' AS DateTime2(0)), CAST(N'2022-01-26T03:39:00.000' AS DateTime2(0)), N'Rencontre annuelle', N'', 2, 35.7300)
, (2, CAST(N'2021-11-26T13:30:19.000' AS DateTime2(0)), CAST(N'2021-11-26T21:30:19.000' AS DateTime2(0)), N'Lancement d''un nouveau produit', N'', 5, 39.6800)
, (3, CAST(N'2021-11-16T05:03:41.000' AS DateTime2(0)), CAST(N'2021-11-16T13:03:41.000' AS DateTime2(0)), N'Entrée en bourse', N'', 5, 7.2800)
, (4, CAST(N'2021-08-21T07:30:19.000' AS DateTime2(0)), CAST(N'2021-08-21T15:30:19.000' AS DateTime2(0)), N'Echange international', N'', 5, 78.0600)
, (5, CAST(N'2021-09-16T11:04:12.000' AS DateTime2(0)), CAST(N'2021-09-16T19:04:12.000' AS DateTime2(0)), N'Le monde du dev', N'', 1, 95.8200)
, (6, CAST(N'2021-09-26T06:23:57.000' AS DateTime2(0)), CAST(N'2021-09-26T14:23:57.000' AS DateTime2(0)), N'Lancement d''un nouveau produit', N'', 3, 7.1600)
, (7, CAST(N'2021-08-28T21:56:22.000' AS DateTime2(0)), CAST(N'2021-08-29T05:56:22.000' AS DateTime2(0)), N'Echange international', N'', 4, 82.3100)
, (8, CAST(N'2021-06-22T15:00:09.000' AS DateTime2(0)), CAST(N'2021-06-22T23:00:09.000' AS DateTime2(0)), N'Entrée en bourse', N'', 4, 51.3300)
, (9, CAST(N'2022-01-05T02:17:15.000' AS DateTime2(0)), CAST(N'2022-01-05T10:17:15.000' AS DateTime2(0)), N'Le monde du dev', N'', 3, 37.6100)
, (10, CAST(N'2021-10-09T07:38:01.000' AS DateTime2(0)), CAST(N'2021-10-09T15:38:01.000' AS DateTime2(0)), N'Entrée en bourse', N'', 2, 36.2800)
, (11, CAST(N'2021-11-20T07:34:34.000' AS DateTime2(0)), CAST(N'2021-11-20T15:34:34.000' AS DateTime2(0)), N'Le monde du dev', N'', 4, 60.9400)
, (12, CAST(N'2021-11-15T04:16:58.000' AS DateTime2(0)), CAST(N'2021-11-15T12:16:58.000' AS DateTime2(0)), N'Le monde du dev', N'', 5, 64.8100)
, (13, CAST(N'2021-09-02T15:49:32.000' AS DateTime2(0)), CAST(N'2021-09-02T23:49:32.000' AS DateTime2(0)), N'Echange international', N'', 2, 19.5600)
, (14, CAST(N'2021-07-10T10:10:53.000' AS DateTime2(0)), CAST(N'2021-07-10T18:10:53.000' AS DateTime2(0)), N'Lancement d''un nouveau produit', N'', 2, 52.5500)
, (15, CAST(N'2021-10-18T18:44:02.000' AS DateTime2(0)), CAST(N'2021-10-19T02:44:02.000' AS DateTime2(0)), N'Entrée en bourse', N'', 5, 77.9600)
, (16, CAST(N'2021-12-08T13:35:25.000' AS DateTime2(0)), CAST(N'2021-12-08T21:35:25.000' AS DateTime2(0)), N'Entrée en bourse', N'', 1, 75.8400)
, (17, CAST(N'2021-10-28T17:15:28.000' AS DateTime2(0)), CAST(N'2021-10-29T01:15:28.000' AS DateTime2(0)), N'Lancement d''un nouveau produit', N'', 1, 37.2900)
, (18, CAST(N'2021-07-29T14:26:32.000' AS DateTime2(0)), CAST(N'2021-07-29T22:26:32.000' AS DateTime2(0)), N'Echange international', N'', 5, 86.9900)
, (19, CAST(N'2021-09-07T19:46:45.000' AS DateTime2(0)), CAST(N'2021-09-08T03:46:45.000' AS DateTime2(0)), N'Echange international', N'', 5, 71.2700)
, (20, CAST(N'2021-12-26T09:43:13.000' AS DateTime2(0)), CAST(N'2021-12-26T17:43:13.000' AS DateTime2(0)), N'Lancement d''un nouveau produit', N'', 2, 5.9400)
, (21, CAST(N'2021-06-22T03:22:06.000' AS DateTime2(0)), CAST(N'2021-06-22T11:22:06.000' AS DateTime2(0)), N'Lancement d''un nouveau produit', N'', 5, 94.6000)
, (22, CAST(N'2022-04-23T07:43:41.000' AS DateTime2(0)), CAST(N'2022-04-23T15:43:41.000' AS DateTime2(0)), N'Lancement d''un nouveau produit', N'', 1, 63.9500)
, (23, CAST(N'2021-06-27T12:01:14.000' AS DateTime2(0)), CAST(N'2021-06-27T20:01:14.000' AS DateTime2(0)), N'Le monde du dev', N'', 5, 93.2500)
, (24, CAST(N'2021-08-27T07:58:40.000' AS DateTime2(0)), CAST(N'2021-08-27T15:58:40.000' AS DateTime2(0)), N'Echange international', N'', 2, 69.4100)
, (25, CAST(N'2021-12-20T08:19:56.000' AS DateTime2(0)), CAST(N'2021-12-20T16:19:56.000' AS DateTime2(0)), N'Le monde du dev', N'', 4, 23.2600)
, (26, CAST(N'2021-12-16T09:31:50.000' AS DateTime2(0)), CAST(N'2021-12-16T17:31:50.000' AS DateTime2(0)), N'Lancement d''un nouveau produit', N'', 3, 37.6400)
, (27, CAST(N'2021-08-24T05:01:18.000' AS DateTime2(0)), CAST(N'2021-08-24T13:01:18.000' AS DateTime2(0)), N'Entrée en bourse', N'', 3, 57.7100)
, (28, CAST(N'2021-08-01T21:15:48.000' AS DateTime2(0)), CAST(N'2021-08-02T05:15:48.000' AS DateTime2(0)), N'Echange international', N'', 4, 27.6800)
, (29, CAST(N'2021-06-26T14:17:56.000' AS DateTime2(0)), CAST(N'2021-06-26T22:17:56.000' AS DateTime2(0)), N'Entrée en bourse', N'', 3, 59.3300)
, (30, CAST(N'2022-02-24T10:40:09.000' AS DateTime2(0)), CAST(N'2022-02-24T18:40:09.000' AS DateTime2(0)), N'Entrée en bourse', N'', 2, 17.1100)
, (31, CAST(N'2022-03-22T14:51:21.000' AS DateTime2(0)), CAST(N'2022-03-22T22:51:21.000' AS DateTime2(0)), N'Echange international', N'', 2, 20.6700)
, (32, CAST(N'2021-12-19T20:59:56.000' AS DateTime2(0)), CAST(N'2021-12-20T04:59:56.000' AS DateTime2(0)), N'Entrée en bourse', N'', 1, 1.6500)
, (33, CAST(N'2022-03-30T13:45:53.000' AS DateTime2(0)), CAST(N'2022-03-30T21:45:53.000' AS DateTime2(0)), N'Le monde du dev', N'', 3, 46.5600)
, (34, CAST(N'2021-12-22T19:56:22.000' AS DateTime2(0)), CAST(N'2021-12-23T03:56:22.000' AS DateTime2(0)), N'Entrée en bourse', N'', 3, 61.5300)
, (35, CAST(N'2022-04-10T03:49:35.000' AS DateTime2(0)), CAST(N'2022-04-10T11:49:35.000' AS DateTime2(0)), N'Le monde du dev', N'', 3, 5.4300)
, (36, CAST(N'2021-06-21T14:05:01.000' AS DateTime2(0)), CAST(N'2021-06-21T22:05:01.000' AS DateTime2(0)), N'Rencontre annuelle', N'', 4, 74.8400)
, (37, CAST(N'2022-03-01T15:57:48.000' AS DateTime2(0)), CAST(N'2022-03-01T23:57:48.000' AS DateTime2(0)), N'Entrée en bourse', N'', 5, 59.8700)
, (38, CAST(N'2021-07-01T21:59:48.000' AS DateTime2(0)), CAST(N'2021-07-02T05:59:48.000' AS DateTime2(0)), N'Le monde du dev', N'', 2, 73.0400)
, (39, CAST(N'2022-02-15T02:49:08.000' AS DateTime2(0)), CAST(N'2022-02-15T10:49:08.000' AS DateTime2(0)), N'Rencontre annuelle', N'', 5, 54.6900)
, (40, CAST(N'2021-11-01T05:31:06.000' AS DateTime2(0)), CAST(N'2021-11-01T13:31:06.000' AS DateTime2(0)), N'Rencontre annuelle', N'', 4, 63.5200)
, (41, CAST(N'2021-06-25T02:31:13.000' AS DateTime2(0)), CAST(N'2021-06-25T10:31:13.000' AS DateTime2(0)), N'Lancement d''un nouveau produit', N'', 5, 5.6800)
, (42, CAST(N'2021-12-07T09:04:22.000' AS DateTime2(0)), CAST(N'2021-12-07T17:04:22.000' AS DateTime2(0)), N'Rencontre annuelle', N'', 1, 10.0500)
, (43, CAST(N'2021-06-30T03:25:09.000' AS DateTime2(0)), CAST(N'2021-06-30T11:25:09.000' AS DateTime2(0)), N'Lancement d''un nouveau produit', N'', 3, 36.0700)
, (44, CAST(N'2022-05-20T04:19:31.000' AS DateTime2(0)), CAST(N'2022-05-20T12:19:31.000' AS DateTime2(0)), N'Echange international', N'', 4, 46.7900)
, (45, CAST(N'2021-09-10T12:28:49.000' AS DateTime2(0)), CAST(N'2021-09-10T20:28:49.000' AS DateTime2(0)), N'Echange international', N'', 4, 81.8400)
, (46, CAST(N'2021-08-14T08:26:02.000' AS DateTime2(0)), CAST(N'2021-08-14T16:26:02.000' AS DateTime2(0)), N'Entrée en bourse', N'', 2, 24.7100)
, (47, CAST(N'2022-02-17T06:53:44.000' AS DateTime2(0)), CAST(N'2022-02-17T14:53:44.000' AS DateTime2(0)), N'Lancement d''un nouveau produit', N'', 4, 15.0600)
, (48, CAST(N'2021-09-10T14:53:57.000' AS DateTime2(0)), CAST(N'2021-09-10T22:53:57.000' AS DateTime2(0)), N'Echange international', N'', 4, 26.9400)
, (49, CAST(N'2022-02-11T10:44:37.000' AS DateTime2(0)), CAST(N'2022-02-11T18:44:37.000' AS DateTime2(0)), N'Rencontre annuelle', N'', 1, 55.9700)
, (50, CAST(N'2021-10-22T06:02:29.000' AS DateTime2(0)), CAST(N'2021-10-22T14:02:29.000' AS DateTime2(0)), N'Echange international', N'', 3, 9.4600)
, (51, CAST(N'2021-08-14T23:25:55.000' AS DateTime2(0)), CAST(N'2021-08-15T07:25:55.000' AS DateTime2(0)), N'Rencontre annuelle', N'', 3, 85.3300)
, (52, CAST(N'2021-08-15T01:06:53.000' AS DateTime2(0)), CAST(N'2021-08-15T09:06:53.000' AS DateTime2(0)), N'Rencontre annuelle', N'', 1, 22.6700)
, (53, CAST(N'2021-09-29T17:36:15.000' AS DateTime2(0)), CAST(N'2021-09-30T01:36:15.000' AS DateTime2(0)), N'Rencontre annuelle', N'', 4, 90.1000)
, (54, CAST(N'2021-07-31T01:48:15.000' AS DateTime2(0)), CAST(N'2021-07-31T09:48:15.000' AS DateTime2(0)), N'Rencontre annuelle', N'', 5, 87.5800)
, (55, CAST(N'2022-05-29T01:41:55.000' AS DateTime2(0)), CAST(N'2022-05-29T09:41:55.000' AS DateTime2(0)), N'Le monde du dev', N'', 2, 48.5700)
, (56, CAST(N'2022-06-18T07:59:55.000' AS DateTime2(0)), CAST(N'2022-06-18T15:59:55.000' AS DateTime2(0)), N'Entrée en bourse', N'', 1, 43.1600)
, (57, CAST(N'2021-12-08T06:32:17.000' AS DateTime2(0)), CAST(N'2021-12-08T14:32:17.000' AS DateTime2(0)), N'Rencontre annuelle', N'', 3, 3.0300)
, (58, CAST(N'2021-07-23T19:45:56.000' AS DateTime2(0)), CAST(N'2021-07-24T03:45:56.000' AS DateTime2(0)), N'Entrée en bourse', N'', 1, 17.6800)
, (59, CAST(N'2021-08-20T16:53:41.000' AS DateTime2(0)), CAST(N'2021-08-21T00:53:41.000' AS DateTime2(0)), N'Echange international', N'', 2, 71.6100)
, (60, CAST(N'2022-02-02T20:23:45.000' AS DateTime2(0)), CAST(N'2022-02-03T04:23:45.000' AS DateTime2(0)), N'Le monde du dev', N'', 4, 29.9100)
, (61, CAST(N'2021-12-10T09:53:43.000' AS DateTime2(0)), CAST(N'2021-12-10T17:53:43.000' AS DateTime2(0)), N'Rencontre annuelle', N'', 3, 56.5100)
, (62, CAST(N'2022-01-28T18:57:51.000' AS DateTime2(0)), CAST(N'2022-01-29T02:57:51.000' AS DateTime2(0)), N'Entrée en bourse', N'', 3, 0.3500)
, (63, CAST(N'2022-03-26T11:03:31.000' AS DateTime2(0)), CAST(N'2022-03-26T19:03:31.000' AS DateTime2(0)), N'Entrée en bourse', N'', 3, 93.7700)
, (64, CAST(N'2022-03-01T16:45:45.000' AS DateTime2(0)), CAST(N'2022-03-02T00:45:45.000' AS DateTime2(0)), N'Le monde du dev', N'', 2, 34.0100)
, (65, CAST(N'2022-05-14T03:02:04.000' AS DateTime2(0)), CAST(N'2022-05-14T11:02:04.000' AS DateTime2(0)), N'Echange international', N'', 4, 68.5900)
, (66, CAST(N'2022-03-27T22:02:12.000' AS DateTime2(0)), CAST(N'2022-03-28T06:02:12.000' AS DateTime2(0)), N'Rencontre annuelle', N'', 4, 56.7500)
, (67, CAST(N'2021-10-17T10:54:28.000' AS DateTime2(0)), CAST(N'2021-10-17T18:54:28.000' AS DateTime2(0)), N'Entrée en bourse', N'', 3, 63.9600)
, (68, CAST(N'2022-03-17T19:35:43.000' AS DateTime2(0)), CAST(N'2022-03-18T03:35:43.000' AS DateTime2(0)), N'Le monde du dev', N'', 3, 74.0800)
, (69, CAST(N'2021-10-31T09:15:01.000' AS DateTime2(0)), CAST(N'2021-10-31T17:15:01.000' AS DateTime2(0)), N'Entrée en bourse', N'', 2, 87.6200)
, (70, CAST(N'2022-05-23T02:23:43.000' AS DateTime2(0)), CAST(N'2022-05-23T10:23:43.000' AS DateTime2(0)), N'Entrée en bourse', N'', 5, 5.4300)
, (71, CAST(N'2021-09-26T23:11:36.000' AS DateTime2(0)), CAST(N'2021-09-27T07:11:36.000' AS DateTime2(0)), N'Le monde du dev', N'', 2, 70.7200)
, (72, CAST(N'2021-08-15T06:47:46.000' AS DateTime2(0)), CAST(N'2021-08-15T14:47:46.000' AS DateTime2(0)), N'Echange international', N'', 2, 28.9500)
, (73, CAST(N'2021-11-25T15:24:20.000' AS DateTime2(0)), CAST(N'2021-11-25T23:24:20.000' AS DateTime2(0)), N'Echange international', N'', 1, 68.3500)
, (74, CAST(N'2021-12-12T13:19:12.000' AS DateTime2(0)), CAST(N'2021-12-12T21:19:12.000' AS DateTime2(0)), N'Echange international', N'', 2, 42.6300)
, (75, CAST(N'2022-03-22T19:50:30.000' AS DateTime2(0)), CAST(N'2022-03-23T03:50:30.000' AS DateTime2(0)), N'Lancement d''un nouveau produit', N'', 5, 57.1500)
, (76, CAST(N'2021-08-15T10:10:01.000' AS DateTime2(0)), CAST(N'2021-08-15T18:10:01.000' AS DateTime2(0)), N'Lancement d''un nouveau produit', N'', 3, 90.8100)
, (77, CAST(N'2022-02-23T16:01:30.000' AS DateTime2(0)), CAST(N'2022-02-24T00:01:30.000' AS DateTime2(0)), N'Lancement d''un nouveau produit', N'', 5, 6.2900)
, (78, CAST(N'2022-05-11T03:04:22.000' AS DateTime2(0)), CAST(N'2022-05-11T11:04:22.000' AS DateTime2(0)), N'Le monde du dev', N'', 4, 12.4500)
, (79, CAST(N'2021-08-16T07:32:37.000' AS DateTime2(0)), CAST(N'2021-08-16T15:32:37.000' AS DateTime2(0)), N'Le monde du dev', N'', 1, 22.9000)
, (80, CAST(N'2022-01-24T19:58:58.000' AS DateTime2(0)), CAST(N'2022-01-25T03:58:58.000' AS DateTime2(0)), N'Rencontre annuelle', N'', 3, 71.8100)
, (81, CAST(N'2022-02-02T02:44:58.000' AS DateTime2(0)), CAST(N'2022-02-02T10:44:58.000' AS DateTime2(0)), N'Lancement d''un nouveau produit', N'', 4, 81.2300)
, (82, CAST(N'2021-12-31T20:33:23.000' AS DateTime2(0)), CAST(N'2022-01-01T04:33:23.000' AS DateTime2(0)), N'Lancement d''un nouveau produit', N'', 4, 23.6700)
, (83, CAST(N'2022-05-06T22:30:47.000' AS DateTime2(0)), CAST(N'2022-05-07T06:30:47.000' AS DateTime2(0)), N'Rencontre annuelle', N'', 1, 94.2700)
, (84, CAST(N'2022-06-10T00:21:49.000' AS DateTime2(0)), CAST(N'2022-06-10T08:21:49.000' AS DateTime2(0)), N'Entrée en bourse', N'', 4, 12.4600)
, (85, CAST(N'2021-08-25T09:23:42.000' AS DateTime2(0)), CAST(N'2021-08-25T17:23:42.000' AS DateTime2(0)), N'Rencontre annuelle', N'', 2, 37.4000)
, (86, CAST(N'2022-02-20T06:04:39.000' AS DateTime2(0)), CAST(N'2022-02-20T14:04:39.000' AS DateTime2(0)), N'Rencontre annuelle', N'', 4, 22.6000)
, (87, CAST(N'2022-06-02T06:28:08.000' AS DateTime2(0)), CAST(N'2022-06-02T14:28:08.000' AS DateTime2(0)), N'Entrée en bourse', N'', 1, 52.2200)
, (88, CAST(N'2021-09-21T12:40:26.000' AS DateTime2(0)), CAST(N'2021-09-21T20:40:26.000' AS DateTime2(0)), N'Le monde du dev', N'', 3, 39.8100)
, (89, CAST(N'2022-02-23T00:34:25.000' AS DateTime2(0)), CAST(N'2022-02-23T08:34:25.000' AS DateTime2(0)), N'Entrée en bourse', N'', 2, 81.1100)
, (90, CAST(N'2022-04-29T03:51:50.000' AS DateTime2(0)), CAST(N'2022-04-29T11:51:50.000' AS DateTime2(0)), N'Le monde du dev', N'', 4, 6.4000)
, (91, CAST(N'2021-08-02T09:47:10.000' AS DateTime2(0)), CAST(N'2021-08-02T17:47:10.000' AS DateTime2(0)), N'Le monde du dev', N'', 1, 1.1300)
, (92, CAST(N'2022-02-12T07:19:50.000' AS DateTime2(0)), CAST(N'2022-02-12T15:19:50.000' AS DateTime2(0)), N'Entrée en bourse', N'', 5, 75.2800)
, (93, CAST(N'2021-09-20T19:15:11.000' AS DateTime2(0)), CAST(N'2021-09-21T03:15:11.000' AS DateTime2(0)), N'Le monde du dev', N'', 2, 60.9800)
, (94, CAST(N'2021-10-30T15:27:12.000' AS DateTime2(0)), CAST(N'2021-10-30T23:27:12.000' AS DateTime2(0)), N'Echange international', N'', 5, 8.5000)
, (95, CAST(N'2022-01-17T04:24:31.000' AS DateTime2(0)), CAST(N'2022-01-17T12:24:31.000' AS DateTime2(0)), N'Lancement d''un nouveau produit', N'', 3, 6.8000)
, (96, CAST(N'2021-09-10T09:16:28.000' AS DateTime2(0)), CAST(N'2021-09-10T17:16:28.000' AS DateTime2(0)), N'Le monde du dev', N'', 5, 64.1600)
, (97, CAST(N'2021-08-31T16:35:06.000' AS DateTime2(0)), CAST(N'2021-09-01T00:35:06.000' AS DateTime2(0)), N'Lancement d''un nouveau produit', N'', 3, 23.4200)
, (98, CAST(N'2021-11-29T20:44:45.000' AS DateTime2(0)), CAST(N'2021-11-30T04:44:45.000' AS DateTime2(0)), N'Echange international', N'', 5, 72.7100)
, (99, CAST(N'2021-10-07T09:56:12.000' AS DateTime2(0)), CAST(N'2021-10-07T17:56:12.000' AS DateTime2(0)), N'Lancement d''un nouveau produit', N'', 4, 18.1400)
, (100, CAST(N'2022-05-17T11:21:57.000' AS DateTime2(0)), CAST(N'2022-05-17T19:21:57.000' AS DateTime2(0)), N'Echange international', N'', 5, 71.3900);
SET IDENTITY_INSERT [dbo].[Evenement] OFF;
GO

SET IDENTITY_INSERT [dbo].[Inscription] ON;
INSERT INTO [dbo].[Inscription] ([IdInscription], [IdEvenement], [Nom], [Prenom], [Confirme], [Email]) VALUES 
  (1, 96, N'Cleghorn', N'Adélaïde', 0, N'ecleghorn81@arizona.edu')
, (2, 78, N'Haberjam', N'Audréanne', 0, N'bhaberjamgx@ebay.com')
, (7, 2, N'Hucklesby', N'Wá', 0, N'ahucklesby7z@wordpress.org')
, (8, 14, N'Winterbottom', N'Esbjörn', 1, N'gwinterbottom7x@gov.uk')
, (11, 43, N'Marjot', N'Aí', 0, N'cmarjotmm@moonfruit.com')
, (12, 76, N'Cannings', N'Eugénie', 0, N'tcanningsbp@jigsy.com')
, (13, 87, N'Keir', N'Lèi', 1, N'lkeirew@yahoo.co.jp')
, (15, 19, N'Eidler', N'Lorène', 1, N'ceidler2z@facebook.com')
, (16, 71, N'Doley', N'Valérie', 0, N'jdoley9d@netscape.com')
, (17, 41, N'Astie', N'Åslög', 0, N'aastie7b@dell.com')
, (21, 82, N'Ghelardi', N'Marie-ève', 1, N'aghelardi3w@ted.com')
, (22, 24, N'Marwick', N'Anaïs', 1, N'bmarwickq3@timesonline.co.uk')
, (23, 19, N'Gert', N'Médiamass', 1, N'sgert2t@ask.com')
, (24, 96, N'Sictornes', N'Ophélie', 1, N'rsictornes24@redcross.org')
, (25, 37, N'Segar', N'Frédérique', 0, N'dsegargw@utexas.edu')
, (26, 80, N'Blown', N'Mà', 0, N'ablown1l@yolasite.com')
, (28, 40, N'Wilkinson', N'Noëlla', 1, N'awilkinson3u@paypal.com')
, (29, 56, N'Gillion', N'Åsa', 1, N'tgillion32@ebay.com')
, (30, 46, N'Upson', N'Naëlle', 1, N'jupsonil@japanpost.jp')
, (32, 7, N'Dreschler', N'Nuó', 1, N'kdreschler4x@pbs.org')
, (34, 25, N'Korneichik', N'Véronique', 1, N'kkorneichiklp@people.com.cn')
, (35, 7, N'Denisyuk', N'Åslög', 0, N'fdenisyukbc@netvibes.com')
, (39, 70, N'Stokoe', N'Joséphine', 0, N'kstokoe64@miibeian.gov.cn')
, (40, 27, N'Grouvel', N'Vérane', 1, N'ugrouvel4b@auda.org.au')
, (43, 87, N'Orcas', N'Görel', 1, N'corcas9h@sfgate.com')
, (44, 39, N'Fones', N'Ruò', 1, N'bfonespt@ow.ly')
, (46, 35, N'Lumsdale', N'Lauréna', 1, N'vlumsdaleam@bigcartel.com')
, (48, 99, N'Pallent', N'Maëlle', 0, N'cpallentln@cam.ac.uk')
, (50, 98, N'Ciric', N'Frédérique', 1, N'cciric1w@ocn.ne.jp')
, (51, 73, N'Maccree', N'Dorothée', 1, N'dmaccreeb4@google.co.jp')
, (53, 5, N'Putten', N'Alizée', 1, N'rputten30@amazon.co.jp')
, (54, 28, N'Cabena', N'Anaé', 0, N'gcabenap2@issuu.com')
, (56, 40, N'Rubinov', N'Renée', 0, N'srubinov6z@phpbb.com')
, (58, 92, N'Fairs', N'Angèle', 1, N'cfairs9o@cloudflare.com')
, (59, 75, N'Antonijevic', N'Salomé', 0, N'aantonijeviclh@bloomberg.com')
, (61, 78, N'Yegorchenkov', N'Yáo', 1, N'uyegorchenkovgq@live.com')
, (66, 31, N'Rockhill', N'Håkan', 0, N'srockhillge@ucoz.ru')
, (67, 3, N'Bacher', N'Lèi', 1, N'dbacherft@usnews.com')
, (68, 31, N'Holton', N'Régine', 1, N'rholtonj3@vimeo.com')
, (69, 93, N'Reams', N'Maéna', 1, N'kreams5z@slideshare.net')
, (70, 9, N'Maps', N'Léane', 0, N'cmapsqt@youku.com')
, (71, 46, N'Truckell', N'Maëlys', 0, N'etruckell8t@networkadvertising.org')
, (72, 31, N'Markovich', N'Noëlla', 0, N'amarkovich67@cmu.edu')
, (75, 5, N'Kille', N'Stévina', 0, N'jkille38@fema.gov')
, (76, 59, N'Duhig', N'Marie-ève', 0, N'bduhigfu@yandex.ru')
, (78, 96, N'Saur', N'Gaëlle', 1, N'asauri3@1und1.de')
, (79, 95, N'Bingham', N'Björn', 0, N'sbinghamlg@php.net')
, (80, 14, N'Caban', N'Séverine', 1, N'fcabank8@ebay.com')
, (82, 65, N'Tomek', N'Dà', 1, N'ctomek83@dagondesign.com')
, (83, 46, N'Sweett', N'Maëlyss', 1, N'gsweettnw@clickbank.net')
, (84, 88, N'Gotling', N'Mégane', 0, N'bgotling58@networkadvertising.org')
, (85, 65, N'Teare', N'Réjane', 1, N'steare5u@sphinn.com')
, (87, 17, N'Wheeliker', N'Jú', 1, N'ewheeliker7j@reuters.com')
, (89, 65, N'Hazelgreave', N'Desirée', 1, N'ghazelgreavea0@g.co')
, (90, 95, N'Mulkerrins', N'Ophélie', 1, N'emulkerrins6v@admin.ch')
, (92, 52, N'Burcombe', N'Amélie', 0, N'kburcombe42@mediafire.com')
, (94, 94, N'Lampitt', N'Mélys', 0, N'ilampitt2@cocolog-nifty.com')
, (95, 29, N'Edgeller', N'Ráo', 1, N'redgelleres@hao123.com')
, (96, 54, N'McKoy', N'Ráo', 1, N'lmckoy9i@facebook.com')
, (97, 46, N'Colebeck', N'Zhì', 1, N'ncolebeckpj@ameblo.jp')
, (99, 81, N'Cosyns', N'Kévina', 0, N'gcosynsid@google.nl')
, (100, 31, N'Casarili', N'Michèle', 0, N'rcasarili2g@cisco.com')
, (101, 36, N'Stittle', N'Eloïse', 1, N'nstittlel3@mozilla.com')
, (102, 23, N'Forsyde', N'Kuí', 1, N'wforsyde56@theatlantic.com')
, (105, 44, N'Warmisham', N'Ráo', 1, N'cwarmisham6g@jalbum.net')
, (106, 69, N'Priel', N'Judicaël', 0, N'jprieldt@businessweek.com')
, (107, 44, N'Wombwell', N'Clélia', 0, N'mwombwellac@google.fr')
, (110, 34, N'Ellaway', N'Andrée', 0, N'iellawaylm@shutterfly.com')
, (111, 1, N'Charrette', N'Angélique', 0, N'jcharrettefc@constantcontact.com')
, (114, 92, N'Newstead', N'Michèle', 0, N'lnewstead9b@redcross.org')
, (115, 47, N'Martinets', N'Ráo', 0, N'hmartinetsr6@slashdot.org')
, (116, 37, N'Kryzhov', N'Lauréna', 1, N'nkryzhov45@wunderground.com')
, (117, 26, N'Arnholdt', N'Estée', 0, N'carnholdtak@discuz.net')
, (118, 95, N'Polly', N'Naéva', 0, N'apollyp@shop-pro.jp')
, (119, 77, N'Didball', N'Wá', 1, N'tdidballdj@bloglovin.com')
, (120, 73, N'Ivoshin', N'Yáo', 1, N'mivoshino3@census.gov')
, (121, 4, N'Miroy', N'Örjan', 0, N'emiroy5t@topsy.com')
, (122, 53, N'Hughes', N'Aimée', 1, N'dhughesff@google.cn')
, (124, 12, N'Shegog', N'Séréna', 1, N'jshegog5g@acquirethisname.com')
, (125, 2, N'Master', N'Marie-ève', 1, N'omasteri9@oaic.gov.au')
, (126, 30, N'Gainsford', N'Cécile', 0, N'sgainsfordep@pen.io')
, (128, 78, N'Bertl', N'Célestine', 0, N'hbertln4@1und1.de')
, (130, 93, N'Begin', N'Görel', 0, N'hbeginal@arizona.edu')
, (132, 19, N'Andre', N'Clélia', 1, N'gandrepi@wikimedia.org')
, (135, 74, N'Nelissen', N'Léa', 0, N'rnelissenh1@biblegateway.com')
, (137, 27, N'Skarin', N'Märta', 1, N'pskarincz@reverbnation.com')
, (138, 64, N'Matterdace', N'Mà', 0, N'omatterdace4g@gov.uk')
, (141, 57, N'Slatcher', N'Nuó', 1, N'lslatcher6o@artisteer.com')
, (142, 36, N'Francello', N'Mélys', 1, N'jfrancelloeu@umn.edu')
, (143, 37, N'Pattini', N'Lucrèce', 0, N'mpattinici@google.cn')
, (144, 39, N'Duckerin', N'Intéressant', 0, N'bduckerin5s@alibaba.com')
, (145, 77, N'Garretts', N'Crééz', 0, N'fgarrettslx@bloglines.com')
, (146, 90, N'Durbyn', N'Gérald', 0, N'edurbynko@skype.com')
, (148, 91, N'Hallifax', N'Tú', 0, N'ohallifaxjc@barnesandnoble.com')
, (149, 6, N'Marien', N'Anaïs', 1, N'tmarienj7@cloudflare.com')
, (152, 71, N'Ruffli', N'Anaé', 1, N'truffli6w@sitemeter.com')
, (155, 49, N'Maulin', N'Françoise', 0, N'kmaulin53@booking.com')
, (156, 21, N'Tomala', N'Michèle', 0, N'gtomalan6@constantcontact.com')
, (157, 50, N'Prantoni', N'Esbjörn', 0, N'bprantonif9@webeden.co.uk')
, (159, 74, N'Rich', N'Maïwenn', 1, N'lrichl@deviantart.com')
, (161, 31, N'Whitham', N'Simplifiés', 0, N'pwhithamey@reverbnation.com')
, (163, 34, N'Worsalls', N'Börje', 1, N'wworsallsh3@gravatar.com')
, (165, 27, N'Malster', N'Marlène', 1, N'vmalster79@marketwatch.com')
, (166, 90, N'Gooder', N'Réservés', 0, N'bgooderk7@unblog.fr')
, (168, 63, N'Secret', N'Léone', 0, N'asecret6r@constantcontact.com')
, (169, 94, N'Drakard', N'Lyséa', 1, N'bdrakardo4@dropbox.com')
, (172, 39, N'Dencs', N'Magdalène', 1, N'sdencsha@cdbaby.com')
, (173, 86, N'Brimley', N'Mahélie', 1, N'obrimley14@pinterest.com')
, (174, 82, N'Swithenby', N'Geneviève', 1, N'fswithenby61@dailymail.co.uk')
, (175, 76, N'Grigoire', N'Ruì', 0, N'cgrigoire2x@nps.gov')
, (176, 35, N'Conduit', N'Lyséa', 1, N'cconduit9s@weebly.com')
, (178, 97, N'Sweeting', N'Loïs', 0, N'msweeting1g@washington.edu')
, (179, 21, N'Chantrell', N'Salomé', 1, N'jchantrelllj@nasa.gov')
, (180, 67, N'Markovic', N'Björn', 1, N'nmarkovicfe@mail.ru')
, (181, 88, N'Loutheane', N'Solène', 1, N'cloutheanefq@youtu.be')
, (182, 3, N'MacQuaker', N'Eléonore', 1, N'omacquakerh5@businesswire.com')
, (183, 59, N'McTavish', N'Marlène', 0, N'rmctavishh4@a8.net')
, (184, 21, N'Bulfoot', N'Östen', 1, N'abulfoot5l@amazon.co.jp')
, (186, 81, N'Barg', N'Inès', 1, N'ibarg5@list-manage.com')
, (187, 50, N'Bruford', N'Léone', 0, N'wbruford8g@google.com.hk')
, (188, 41, N'Summergill', N'Åslög', 1, N'ysummergill3q@webnode.com')
, (196, 70, N'Santello', N'Yóu', 0, N'isantello37@jugem.jp')
, (198, 10, N'Brecknell', N'Célestine', 1, N'gbrecknellcc@china.com.cn')
, (202, 49, N'Mannakee', N'Rébecca', 0, N'amannakeegn@auda.org.au')
, (203, 47, N'Skehens', N'Stéphanie', 1, N'vskehens18@yahoo.com')
, (205, 5, N'Danis', N'Mårten', 0, N'ddanise2@so-net.ne.jp')
, (206, 54, N'Ortler', N'Léandre', 0, N'mortler8h@wix.com')
, (207, 37, N'Ashworth', N'Maéna', 1, N'lashworthol@irs.gov')
, (208, 63, N'Fall', N'Pénélope', 0, N'cfall6p@cbslocal.com')
, (209, 5, N'Bettinson', N'Börje', 1, N'ubettinson92@businessweek.com')
, (211, 80, N'Jacklin', N'Zoé', 1, N'ljacklinaz@telegraph.co.uk')
, (212, 36, N'Minnette', N'Torbjörn', 0, N'mminnette93@upenn.edu')
, (213, 33, N'Tollfree', N'Cléa', 0, N'ytollfree5h@bravesites.com')
, (215, 4, N'Allsup', N'Ruò', 0, N'pallsup9p@globo.com')
, (217, 14, N'Childerhouse', N'Adèle', 1, N'echilderhouse3s@themeforest.net')
, (218, 47, N'Zeplin', N'Yè', 1, N'kzeplin8d@alibaba.com')
, (219, 50, N'O''Halligan', N'Léone', 1, N'lohalligankv@vk.com')
, (222, 4, N'Maccaig', N'Célestine', 0, N'jmaccaigkk@w3.org')
, (223, 85, N'Dallmann', N'Loïc', 0, N'sdallmannba@cornell.edu')
, (224, 45, N'Geertsen', N'Gisèle', 0, N'cgeertsen7l@blog.com')
, (227, 52, N'Firle', N'Annotée', 0, N'vfirlejm@pinterest.com')
, (228, 8, N'Burton', N'Marlène', 1, N'vburtonpq@stumbleupon.com')
, (229, 72, N'Woodberry', N'Mégane', 1, N'gwoodberryh7@marriott.com')
, (230, 53, N'McGruar', N'Adélie', 1, N'dmcgruarau@topsy.com')
, (232, 9, N'Gerkens', N'Renée', 1, N'sgerkensd7@techcrunch.com')
, (233, 18, N'Downie', N'Jú', 1, N'vdowniegz@prweb.com')
, (235, 98, N'Worland', N'Naéva', 0, N'gworlandc5@tamu.edu')
, (237, 5, N'Tsar', N'Maëlle', 0, N'ntsar4e@shinystat.com')
, (238, 58, N'Stenners', N'Cléopatre', 1, N'istenners9f@diigo.com')
, (239, 14, N'Calwell', N'Audréanne', 1, N'tcalwell35@loc.gov')
, (241, 92, N'Lasseter', N'Lài', 0, N'slasseterfp@pbs.org')
, (242, 78, N'Myford', N'Léane', 0, N'kmyfordco@paypal.com')
, (244, 56, N'Andrichak', N'Joséphine', 1, N'handrichakg8@usda.gov')
, (245, 28, N'Kilban', N'Örjan', 0, N'dkilban2p@ox.ac.uk')
, (246, 24, N'Georgins', N'Erwéi', 0, N'ageorginsk2@intel.com')
, (248, 13, N'Twiggs', N'Dù', 0, N'dtwiggs9v@abc.net.au')
, (249, 47, N'Holliar', N'Gaëlle', 1, N'bholliar3k@go.com')
, (250, 84, N'Mobley', N'Mahélie', 0, N'amobleyo5@un.org')
, (254, 43, N'Shawcroft', N'Estée', 0, N'sshawcroftrp@spiegel.de')
, (256, 25, N'Boulstridge', N'Océane', 1, N'lboulstridgee8@dailymail.co.uk')
, (257, 97, N'Furmenger', N'Vénus', 1, N'kfurmengerjg@dropbox.com')
, (259, 77, N'Reasun', N'Cunégonde', 1, N'creasunpo@prnewswire.com')
, (262, 92, N'Fawley', N'Félicie', 1, N'tfawleyma@mac.com')
, (263, 27, N'Normavell', N'Salomé', 0, N'tnormavelli6@spotify.com')
, (265, 41, N'Lovegrove', N'Maïlys', 0, N'mlovegrove2b@skyrock.com')
, (266, 12, N'Antowski', N'Uò', 1, N'nantowskia7@disqus.com')
, (267, 55, N'Attenburrow', N'Bérénice', 1, N'lattenburrow3a@flickr.com')
, (268, 71, N'Smewin', N'Naéva', 0, N'msmewindg@odnoklassniki.ru')
, (269, 65, N'Appleby', N'Kuí', 0, N'capplebyh8@redcross.org')
, (270, 81, N'Hooban', N'Maïly', 0, N'phoobandm@icq.com')
, (271, 10, N'Bottomer', N'Torbjörn', 0, N'bbottomerhn@shop-pro.jp')
, (274, 73, N'Rodinger', N'Léa', 0, N'jrodinger6h@go.com')
, (276, 27, N'Sturdey', N'Eliès', 1, N'lsturdeyay@apache.org')
, (277, 58, N'Heritege', N'Mårten', 1, N'aheritege1v@delicious.com')
, (278, 13, N'Broxholme', N'Thérèsa', 1, N'dbroxholme5e@ca.gov')
, (279, 76, N'Norville', N'Océanne', 0, N'dnorville5f@accuweather.com')
, (281, 3, N'Itzkovwitch', N'Marie-ève', 1, N'ritzkovwitch2m@joomla.org')
, (282, 46, N'Saenz', N'Frédérique', 1, N'rsaenz9k@mapy.cz')
, (283, 18, N'Clack', N'Cléa', 1, N'jclack2j@domainmarket.com')
, (285, 45, N'Claessens', N'Géraldine', 1, N'gclaessens9j@myspace.com')
, (287, 18, N'Galvin', N'Méghane', 1, N'wgalvinnk@hhs.gov')
, (288, 52, N'Janusik', N'Nuó', 1, N'djanusikog@cafepress.com')
, (292, 58, N'Loach', N'Léandre', 1, N'lloachox@accuweather.com')
, (293, 58, N'Kulicke', N'Aurélie', 1, N'ekulicke4v@telegraph.co.uk')
, (295, 80, N'Adey', N'Solène', 0, N'madeybj@amazon.co.jp')
, (299, 31, N'Stringman', N'Andrée', 1, N'jstringman8s@usnews.com')
, (300, 25, N'Pennington', N'Adèle', 1, N'dpenningtonqj@reuters.com')
, (301, 61, N'Titlow', N'Yóu', 1, N'ptitlowqe@ustream.tv')
, (302, 37, N'Longmaid', N'Mahélie', 1, N'blongmaidbd@java.com')
, (304, 31, N'Fryatt', N'Laurène', 0, N'lfryatt2a@google.it')
, (306, 34, N'Standen', N'Adélaïde', 1, N'estanden1j@cpanel.net')
, (307, 57, N'Cosgreave', N'Hélène', 0, N'rcosgreavef1@creativecommons.org')
, (308, 43, N'Prigmore', N'Lyséa', 1, N'lprigmore8e@gmpg.org')
, (309, 14, N'Swalteridge', N'Clélia', 0, N'lswalteridgem0@sciencedaily.com')
, (311, 1, N'Doog', N'Bénédicte', 0, N'fdoog39@economist.com')
, (312, 98, N'McKinley', N'Méryl', 1, N'hmckinley3t@technorati.com')
, (313, 61, N'Playle', N'Maëlann', 0, N'wplaylea3@weather.com')
, (314, 87, N'Minot', N'Almérinda', 1, N'nminot1s@ftc.gov')
, (316, 36, N'Harlin', N'Tán', 1, N'eharlin3@blogs.com')
, (319, 1, N'Bruffell', N'Zhì', 0, N'bbruffellkt@amazon.co.uk')
, (321, 32, N'Lamburn', N'Cunégonde', 1, N'tlamburn8v@bbc.co.uk')
, (322, 33, N'Malecky', N'Erwéi', 1, N'amaleckygy@vistaprint.com')
, (324, 94, N'Gatfield', N'Cécilia', 1, N'sgatfield8r@squarespace.com')
, (325, 44, N'VanBrugh', N'Léa', 1, N'lvanbrugh3l@liveinternet.ru')
, (329, 36, N'Gowry', N'Kù', 1, N'tgowryo8@youtu.be')
, (330, 58, N'Gullivent', N'Åke', 1, N'fgulliventrq@youtu.be')
, (333, 21, N'Dudin', N'Félicie', 0, N'cdudin95@shareasale.com')
, (334, 25, N'Sorsby', N'Josée', 1, N'osorsbyj6@sina.com.cn')
, (336, 67, N'Poter', N'Maëlyss', 0, N'jpoterd8@archive.org')
, (337, 35, N'Cozzi', N'Görel', 1, N'pcozzipx@last.fm')
, (339, 20, N'Lerigo', N'Crééz', 0, N'alerigocw@webmd.com')
, (340, 69, N'Keneford', N'Noémie', 1, N'ckeneford9z@apache.org')
, (341, 40, N'Postgate', N'Chloé', 0, N'apostgate9q@nps.gov')
, (342, 98, N'Eicheler', N'Marie-noël', 0, N'leichelerq0@dmoz.org')
, (343, 25, N'Breen', N'Åke', 0, N'jbreen7t@shinystat.com')
, (344, 54, N'Simoni', N'Adèle', 1, N'lsimoni50@so-net.ne.jp')
, (345, 79, N'Shaul', N'Alizée', 0, N'ashaulm4@theglobeandmail.com')
, (348, 58, N'Parrot', N'Naéva', 0, N'aparrot2q@dagondesign.com')
, (349, 86, N'Plum', N'Publicité', 1, N'rplum43@symantec.com')
, (354, 72, N'Cosgrive', N'Gisèle', 1, N'hcosgrivebo@dmoz.org')
, (355, 11, N'McGrorty', N'Maïté', 0, N'lmcgrortyfd@tiny.cc')
, (356, 30, N'Bayles', N'Mélina', 1, N'cbaylesix@123-reg.co.uk')
, (357, 95, N'Richards', N'Céline', 1, N'crichardsjj@rediff.com')
, (358, 45, N'Effemy', N'Marie-thérèse', 1, N'feffemyd@desdev.cn')
, (359, 11, N'Jeenes', N'Mélia', 0, N'tjeenes6j@army.mil')
, (360, 92, N'Barensen', N'Cléa', 0, N'gbarensen5k@gizmodo.com')
, (361, 29, N'Mingardi', N'Estée', 1, N'jmingardijf@globo.com')
, (362, 56, N'Treacher', N'Séréna', 1, N'ktreacherec@webs.com')
, (363, 92, N'Crawshaw', N'Aurélie', 0, N'scrawshawcn@last.fm')
, (364, 21, N'Walkowski', N'Yáo', 1, N'cwalkowski9y@squidoo.com')
, (365, 35, N'Runnalls', N'Daphnée', 0, N'mrunnallsl7@pbs.org')
, (366, 36, N'Astley', N'Méryl', 1, N'dastleyc4@purevolume.com')
, (368, 7, N'Goodyear', N'Maëlle', 1, N'dgoodyeart@mapy.cz')
, (371, 37, N'Kelsow', N'Anaël', 1, N'lkelsowbh@bloomberg.com')
, (372, 12, N'Hayles', N'Cécilia', 1, N'bhayles4f@feedburner.com')
, (373, 48, N'Le Fleming', N'Illustrée', 1, N'tlefleming1e@godaddy.com')
, (374, 13, N'Rubenovic', N'Kévina', 1, N'krubenovic8x@house.gov')
, (377, 54, N'Geffinger', N'Faîtes', 0, N'dgeffinger3i@washingtonpost.com')
, (378, 21, N'McConnal', N'Lén', 0, N'smcconnalmw@domainmarket.com')
, (379, 44, N'Hanwright', N'Liè', 0, N'chanwright4c@homestead.com')
, (380, 56, N'Heffer', N'Mà', 1, N'jheffer6n@odnoklassniki.ru')
, (383, 4, N'Atwell', N'Pénélope', 0, N'iatwell5b@zdnet.com')
, (386, 8, N'Kornalik', N'Crééz', 1, N'ekornalik71@imgur.com')
, (389, 99, N'Jedrych', N'Desirée', 1, N'wjedrych8n@hp.com')
, (390, 76, N'MacGuffie', N'Hélèna', 1, N'smacguffie8b@wikipedia.org')
, (391, 7, N'Ianno', N'Angélique', 1, N'hianno5d@berkeley.edu')
, (392, 98, N'Lotterington', N'Noëlla', 1, N'plotteringtoncr@furl.net')
, (394, 76, N'Feasley', N'Yénora', 1, N'cfeasleykp@ox.ac.uk')
, (395, 80, N'Carrodus', N'Kuí', 0, N'bcarrodusqg@about.me')
, (396, 88, N'Pappin', N'Maï', 0, N'hpappine4@squidoo.com')
, (399, 29, N'Scotson', N'Méthode', 1, N'iscotsonb@free.fr')
, (401, 28, N'Blackeby', N'Táng', 0, N'bblackebyou@digg.com')
, (402, 92, N'Dourin', N'Françoise', 1, N'kdourink6@google.ru')
, (404, 29, N'Goodsell', N'Mylène', 0, N'kgoodselljo@t-online.de')
, (405, 80, N'D''Ugo', N'Personnalisée', 0, N'cdugo8j@diigo.com')
, (406, 53, N'Finlaison', N'Maïly', 0, N'nfinlaisonk@mit.edu')
, (407, 64, N'Cornelleau', N'Göran', 0, N'ccornelleauav@facebook.com')
, (409, 7, N'Crosoer', N'Irène', 0, N'ecrosoer11@thetimes.co.uk')
, (410, 82, N'Vaadeland', N'André', 1, N'cvaadelandm9@princeton.edu')
, (411, 97, N'Simakov', N'Illustrée', 1, N'ksimakov12@howstuffworks.com')
, (413, 78, N'Hathway', N'Intéressant', 0, N'dhathwaych@quantcast.com')
, (415, 64, N'Vigus', N'Åsa', 1, N'tvigusiq@sfgate.com')
, (417, 90, N'Feehely', N'Maëlys', 0, N'nfeehelyih@adobe.com')
, (419, 59, N'Tomaszewicz', N'Océane', 0, N'etomaszewicz3z@google.nl')
, (420, 32, N'Warke', N'Simplifiés', 0, N'cwarke13@netscape.com')
, (421, 7, N'Hallstone', N'Mélodie', 0, N'nhallstoner1@disqus.com')
, (422, 29, N'Dethloff', N'Estève', 0, N'rdethloff89@about.me')
, (423, 13, N'Aronstein', N'Chloé', 1, N'garonstein2i@marketwatch.com')
, (424, 40, N'Twopenny', N'Mélys', 1, N'wtwopenny21@nps.gov')
, (425, 36, N'Grew', N'Lóng', 0, N'sgrewho@cnet.com')
, (427, 80, N'Goby', N'Gaïa', 0, N'ogoby17@newyorker.com')
, (430, 86, N'Sainteau', N'Béatrice', 1, N'vsainteaubx@studiopress.com')
, (431, 68, N'Hum', N'Thérèse', 0, N'khumy@nhs.uk')
, (432, 44, N'Minguet', N'Magdalène', 0, N'rminguetgh@blogspot.com')
, (433, 54, N'Jerram', N'Laurène', 0, N'vjerramf4@narod.ru')
, (435, 44, N'McLachlan', N'Stévina', 0, N'hmclachlan25@ehow.com')
, (436, 55, N'Antognazzi', N'Rachèle', 1, N'aantognazzi5o@pinterest.com')
, (437, 65, N'Woollett', N'Angèle', 0, N'jwoollettqy@facebook.com')
, (438, 82, N'Grebbin', N'Faîtes', 1, N'ugrebbindu@mlb.com')
, (439, 98, N'Lawey', N'Athéna', 0, N'llaweyi1@go.com')
, (441, 86, N'Holtaway', N'Ophélie', 0, N'sholtaway7e@homestead.com')
, (443, 7, N'Florez', N'Françoise', 1, N'nflorezdq@techcrunch.com')
, (444, 56, N'Gillio', N'Esbjörn', 0, N'ngillioni@delicious.com')
, (445, 21, N'Knowles', N'Danièle', 1, N'pknowlesrc@unblog.fr')
, (447, 76, N'Waterstone', N'Aurélie', 0, N'hwaterstonegb@vistaprint.com')
, (449, 69, N'Cawsey', N'Anaé', 0, N'rcawseycx@chicagotribune.com')
, (452, 73, N'Rozea', N'Mélina', 0, N'erozea60@auda.org.au')
, (454, 46, N'Fuxman', N'Gérald', 0, N'sfuxmanbn@scribd.com')
, (456, 62, N'Camblin', N'Lài', 0, N'jcamblin3j@yahoo.com')
, (459, 52, N'Dorre', N'Torbjörn', 0, N'cdorreei@senate.gov')
, (460, 22, N'McAviy', N'Bénédicte', 1, N'bmcaviy8a@answers.com')
, (461, 62, N'Doig', N'Loïca', 0, N'vdoigaa@usa.gov')
, (464, 27, N'Sharman', N'Mahélie', 0, N'fsharman6@jigsy.com')
, (465, 53, N'Poundsford', N'Léana', 1, N'cpoundsfordex@webeden.co.uk')
, (466, 67, N'Delgua', N'Maëlann', 1, N'adelguao0@naver.com')
, (467, 6, N'Gales', N'Félicie', 1, N'cgaleso7@wunderground.com')
, (469, 61, N'Burnsall', N'Frédérique', 1, N'mburnsallbv@hatena.ne.jp')
, (471, 71, N'Bourgourd', N'Maïlys', 0, N'hbourgourdc3@nps.gov')
, (472, 80, N'Humberston', N'Andréanne', 1, N'ahumberstongt@sourceforge.net')
, (473, 29, N'Haggard', N'Björn', 0, N'shaggardod@simplemachines.org')
, (477, 2, N'Smithin', N'Thérèsa', 0, N'lsmithinf5@sohu.com')
, (478, 75, N'Donizeau', N'Görel', 1, N'adonizeau4q@newyorker.com')
, (479, 60, N'McGrah', N'Anaëlle', 0, N'kmcgrahev@free.fr')
, (480, 27, N'Cranfield', N'Yáo', 0, N'dcranfieldr7@yahoo.com')
, (481, 81, N'Baggally', N'Fèi', 1, N'bbaggally6q@indiegogo.com')
, (483, 16, N'Crassweller', N'Bénédicte', 0, N'gcrasswellerfy@auda.org.au')
, (484, 63, N'Zoellner', N'Noëlla', 1, N'azoellnerbg@ibm.com')
, (486, 96, N'MacKeever', N'Loïs', 1, N'gmackeeveroh@nasa.gov')
, (487, 79, N'Wedgwood', N'Clélia', 1, N'bwedgwoodf2@google.cn')
, (488, 97, N'Brinklow', N'Sélène', 1, N'sbrinklowqo@bluehost.com')
, (489, 62, N'Dongles', N'Camélia', 1, N'mdonglesc2@ucsd.edu')
, (490, 97, N'Purselow', N'Cinéma', 0, N'mpurselowbw@flickr.com')
, (491, 42, N'Rosentholer', N'Léone', 0, N'arosentholerj5@go.com')
, (495, 61, N'Colebourne', N'Marie-noël', 0, N'bcolebourne8y@mlb.com')
, (496, 20, N'Keeling', N'Bérangère', 1, N'rkeelingkj@dagondesign.com')
, (498, 63, N'Adran', N'Danièle', 1, N'kadranbl@mapy.cz')
, (501, 14, N'Shirley', N'Léana', 1, N'cshirley4m@tiny.cc')
, (505, 78, N'Ilyushkin', N'Gösta', 0, N'jilyushkingk@hubpages.com')
, (506, 83, N'Jeffray', N'Gisèle', 1, N'cjeffray3f@qq.com')
, (508, 64, N'Fines', N'Léonore', 1, N'lfinesn2@google.de')
, (509, 42, N'Duffree', N'Esbjörn', 1, N'sduffreee0@ustream.tv')
, (511, 45, N'Knolles-Green', N'Eléonore', 0, N'aknollesgreenjs@unesco.org')
, (514, 45, N'Nevett', N'Béatrice', 0, N'enevettcj@is.gd')
, (516, 29, N'Dransfield', N'Yè', 0, N'mdransfield2c@clickbank.net')
, (517, 45, N'Childes', N'Dorothée', 1, N'echildes5i@usa.gov')
, (518, 82, N'Stroobant', N'Valérie', 0, N'jstroobant4h@state.tx.us')
, (519, 89, N'Duiged', N'Pélagie', 1, N'aduiged88@unesco.org')
, (520, 20, N'Hucklesby', N'Mahélie', 1, N'fhucklesbyhv@godaddy.com')
, (524, 14, N'Brenard', N'Aimée', 0, N'hbrenardw@usa.gov')
, (525, 56, N'Hendriks', N'Tú', 1, N'mhendriks1u@clickbank.net')
, (526, 24, N'Scutts', N'Rachèle', 1, N'dscutts5j@nps.gov')
, (528, 31, N'Doole', N'Marie-josée', 0, N'ddoole9w@netvibes.com')
, (529, 97, N'Phillimore', N'Séverine', 1, N'yphillimoreb7@wikia.com')
, (531, 67, N'Gavin', N'Jú', 0, N'agavin6d@amazon.co.uk')
, (533, 31, N'Worrell', N'Loïca', 1, N'hworrell4j@yahoo.com')
, (534, 44, N'Morffew', N'Edmée', 0, N'nmorffewc@dion.ne.jp')
, (535, 67, N'Spillard', N'Mahélie', 1, N'ospillard3h@usatoday.com')
, (536, 74, N'Luckes', N'Almérinda', 0, N'tluckesm@usgs.gov')
, (538, 80, N'Bagot', N'Pélagie', 0, N'abagotll@npr.org')
, (542, 30, N'Boeter', N'Angélique', 1, N'jboeterj9@ftc.gov')
, (544, 88, N'Creeghan', N'Séverine', 0, N'mcreeghanht@bloomberg.com')
, (547, 57, N'Behnke', N'Méryl', 0, N'hbehnke47@usnews.com')
, (549, 51, N'Herries', N'Erwéi', 1, N'mherriesik@state.gov')
, (550, 37, N'MacDearmid', N'Ruì', 1, N'jmacdearmidcv@ft.com')
, (551, 31, N'Poetz', N'Méghane', 0, N'ipoetzhz@abc.net.au')
, (552, 82, N'Gudd', N'Bérénice', 1, N'ogudd7q@bloglovin.com')
, (554, 11, N'Gaydon', N'Naëlle', 1, N'sgaydon2f@ftc.gov')
, (555, 26, N'Heineke', N'Lorène', 0, N'hheinekefg@cnn.com')
, (558, 94, N'Capineer', N'Mégane', 0, N'ccapineerck@google.com.au')
, (560, 29, N'Lamswood', N'Aimée', 1, N'blamswoodmx@facebook.com')
, (561, 32, N'Bessant', N'Kuí', 0, N'kbessant1@theatlantic.com')
, (562, 32, N'Vant', N'Réservés', 1, N'dvantc7@dailymail.co.uk')
, (564, 22, N'Aspy', N'Marie-thérèse', 0, N'waspyb2@indiatimes.com')
, (567, 37, N'Moorwood', N'Valérie', 0, N'lmoorwood3x@nature.com')
, (568, 9, N'Demschke', N'Anaé', 0, N'tdemschkeok@sakura.ne.jp')
, (570, 48, N'Stobo', N'Ruì', 0, N'estobooa@hao123.com')
, (571, 21, N'Kane', N'Yú', 1, N'ckane1y@typepad.com')
, (572, 7, N'Stendall', N'Mylène', 1, N'kstendall4p@squarespace.com')
, (573, 45, N'Ladell', N'Mégane', 0, N'dladell74@washington.edu')
, (574, 15, N'Costellow', N'Cinéma', 1, N'hcostellow51@spiegel.de')
, (577, 12, N'Mariette', N'Naëlle', 1, N'gmariette7w@blogspot.com')
, (578, 51, N'Eisikowitz', N'Kallisté', 0, N'beisikowitz7g@artisteer.com')
, (579, 17, N'Benesevich', N'Sòng', 1, N'dbenesevichfh@mashable.com')
, (580, 51, N'Dray', N'Marie-françoise', 1, N'kdray1x@last.fm')
, (581, 92, N'Bonnaire', N'Alizée', 0, N'hbonnairefa@bbc.co.uk')
, (584, 79, N'McAdam', N'Pénélope', 1, N'cmcadam23@twitpic.com')
, (588, 28, N'Graalmans', N'Cécilia', 0, N'ngraalmansax@irs.gov')
, (589, 28, N'Leggen', N'Bérénice', 0, N'gleggen9n@jugem.jp')
, (591, 96, N'Oxshott', N'Cloé', 0, N'eoxshottnd@wordpress.org')
, (595, 16, N'Tyers', N'Alizée', 0, N'ptyersnv@wunderground.com')
, (596, 67, N'Butteris', N'Åsa', 0, N'sbutteris2y@wiley.com')
, (597, 46, N'Saunier', N'Félicie', 1, N'tsaunierp6@istockphoto.com')
, (598, 31, N'Berfoot', N'Méthode', 1, N'rberfootr@themeforest.net')
, (599, 48, N'Dack', N'Maëlann', 1, N'cdack2n@weather.com')
, (602, 12, N'McKnockiter', N'Annotée', 1, N'kmcknockiter7n@fda.gov')
, (603, 73, N'Yarnell', N'Salomé', 1, N'vyarnellqm@addtoany.com')
, (604, 26, N'Dommerque', N'Anaël', 0, N'tdommerqueqa@plala.or.jp')
, (605, 41, N'Paik', N'Cécile', 1, N'mpaik59@webmd.com')
, (607, 5, N'McMenemy', N'Fèi', 0, N'kmcmenemy8i@uiuc.edu')
, (608, 66, N'Errington', N'Régine', 0, N'lerringtonpk@dailymail.co.uk')
, (610, 84, N'Verling', N'Simplifiés', 1, N'jverlingbs@rambler.ru')
, (611, 65, N'Girardini', N'Gérald', 1, N'mgirardini4r@liveinternet.ru')
, (612, 70, N'Kneale', N'Uò', 0, N'pknealemg@webs.com')
, (613, 70, N'Mayhow', N'Léandre', 1, N'pmayhowem@kickstarter.com')
, (616, 70, N'Keller', N'Lucrèce', 1, N'rkeller76@bing.com')
, (617, 93, N'McQuirk', N'Cécilia', 0, N'smcquirk9r@flavors.me')
, (620, 58, N'Erie', N'Chloé', 1, N'reriega@vistaprint.com')
, (621, 69, N'Pogg', N'Léonore', 0, N'apogg34@devhub.com')
, (623, 40, N'Olyfant', N'Eugénie', 0, N'bolyfant96@ucsd.edu')
, (624, 20, N'Bendtsen', N'Maëlla', 1, N'ibendtsenjw@wikispaces.com')
, (625, 79, N'Leet', N'Athéna', 1, N'cleetfo@imgur.com')
, (627, 26, N'Siddon', N'Östen', 1, N'isiddonc0@unblog.fr')
, (628, 41, N'Webberley', N'Mélys', 0, N'twebberley4d@aboutads.info')
, (629, 63, N'Cathery', N'Mélinda', 1, N'acathery4y@sakura.ne.jp')
, (632, 98, N'Bizley', N'Agnès', 1, N'jbizleyny@twitter.com')
, (633, 31, N'Tomankiewicz', N'Mélys', 0, N'ctomankiewicz5x@parallels.com')
, (634, 67, N'Attiwill', N'Gisèle', 0, N'aattiwillnh@alibaba.com')
, (636, 51, N'Corran', N'Dù', 1, N'mcorranip@rediff.com')
, (638, 88, N'Colbrun', N'Sòng', 1, N'mcolbrun9e@canalblog.com')
, (639, 53, N'Boggish', N'Aimée', 0, N'mboggish6b@ucoz.ru')
, (641, 39, N'Rainsden', N'Aimée', 1, N'erainsden1q@biglobe.ne.jp')
, (642, 39, N'Dankersley', N'Anaël', 1, N'bdankersleyqv@devhub.com')
, (645, 72, N'Aberdalgy', N'Néhémie', 1, N'maberdalgycg@intel.com')
, (646, 76, N'Bilton', N'Uò', 0, N'hbiltondf@macromedia.com')
, (648, 21, N'Borleace', N'Thérèse', 1, N'mborleace8u@google.pl')
, (650, 13, N'Gorton', N'Almérinda', 0, N'lgorton9t@wunderground.com')
, (651, 90, N'Churchill', N'Cléa', 1, N'rchurchillmz@wunderground.com')
, (652, 45, N'Oloshkin', N'Jú', 1, N'boloshkin29@china.com.cn')
, (653, 37, N'Dolton', N'Maéna', 1, N'rdolton91@wsj.com')
, (654, 43, N'Stayt', N'Faîtes', 0, N'astayt8p@abc.net.au')
, (656, 45, N'Ferrillio', N'Anaëlle', 1, N'rferrilliopz@hhs.gov')
, (657, 63, N'Dudek', N'Wá', 0, N'ddudek7@theglobeandmail.com')
, (659, 9, N'Longstreeth', N'Estée', 0, N'slongstreethgs@yandex.ru')
, (660, 64, N'Behning', N'Léana', 0, N'mbehningmc@unblog.fr')
, (661, 38, N'Widd', N'Mylène', 0, N'awidd7k@house.gov')
, (663, 71, N'Rigglesford', N'Eléonore', 0, N'qrigglesfordk4@paginegialle.it')
, (664, 46, N'Behn', N'Maëlla', 0, N'wbehn28@cyberchimps.com')
, (665, 79, N'Wainscot', N'Médiamass', 1, N'lwainscotd5@is.gd')
, (666, 82, N'Tilliard', N'Eloïse', 1, N'vtilliard7v@bloglovin.com')
, (667, 1, N'Maulin', N'Personnalisée', 0, N'gmaulinpw@amazonaws.com')
, (669, 23, N'Kinsey', N'Kù', 0, N'ckinsey1n@tinyurl.com')
, (670, 68, N'1love', N'Marie-noël', 0, N'm1love48@blogger.com')
, (672, 24, N'Keeble', N'Régine', 1, N'fkeebleg@facebook.com')
, (673, 62, N'Stitson', N'Torbjörn', 1, N'dstitson3d@nps.gov')
, (674, 7, N'Tolputt', N'Clélia', 1, N'stolputtr8@gnu.org')
, (677, 3, N'Loukes', N'André', 0, N'nloukes68@aboutads.info')
, (678, 26, N'McGebenay', N'Desirée', 0, N'tmcgebenay27@nsw.gov.au')
, (679, 4, N'Jovic', N'Kévina', 1, N'kjovic8z@youku.com')
, (681, 66, N'Brunet', N'Léana', 1, N'lbrunetdc@cocolog-nifty.com')
, (682, 9, N'Rothert', N'Thérèsa', 1, N'grotherta5@yolasite.com')
, (683, 48, N'Rainey', N'Kévina', 1, N'rrainey5m@delicious.com')
, (685, 81, N'Zanolli', N'Faîtes', 1, N'bzanolli3n@examiner.com')
, (686, 57, N'Noto', N'Maëlyss', 1, N'enoto9l@a8.net')
, (687, 42, N'Reisin', N'Adélie', 1, N'kreisinks@hud.gov')
, (688, 20, N'Zimmerman', N'Noëlla', 0, N'wzimmermanc1@state.gov')
, (689, 58, N'Antoniutti', N'Andréa', 0, N'rantoniutti8@trellian.com')
, (690, 4, N'Housbey', N'Josée', 1, N'mhousbey1d@diigo.com')
, (691, 64, N'Birkenhead', N'Kallisté', 0, N'wbirkenheadq5@google.ru')
, (693, 23, N'Wagerfield', N'Stévina', 1, N'jwagerfieldn9@usatoday.com')
, (695, 82, N'Egger', N'Dù', 0, N'keggergj@free.fr')
, (698, 99, N'Glancy', N'Håkan', 1, N'aglancyb0@sfgate.com')
, (699, 98, N'Kembley', N'Renée', 0, N'pkembleygm@cnn.com')
, (700, 20, N'Clamo', N'Lucrèce', 0, N'rclamo7o@tuttocitta.it')
, (701, 37, N'Surmeyer', N'Yè', 0, N'nsurmeyerqh@t.co')
, (704, 39, N'Husthwaite', N'Eléa', 0, N'shusthwaitelz@disqus.com')
, (707, 58, N'Ricci', N'Annotés', 0, N'driccid6@vk.com')
, (710, 1, N'Mailes', N'Chloé', 1, N'dmailesjh@mapy.cz')
, (713, 24, N'Stirgess', N'Marylène', 0, N'cstirgesshj@cargocollective.com')
, (715, 72, N'Chainey', N'Bérénice', 1, N'fchainey4n@wikia.com')
, (716, 75, N'Baugh', N'Gaëlle', 0, N'abaugh78@mlb.com')
, (721, 19, N'Ruler', N'Gwenaëlle', 0, N'vruler1m@wiley.com')
, (723, 69, N'Drejer', N'Mélissandre', 0, N'bdrejer1h@bizjournals.com')
, (724, 27, N'Covendon', N'Félicie', 0, N'ucovendonl1@wordpress.com')
, (725, 50, N'Springtorpe', N'Anaëlle', 1, N'nspringtorpeo@reuters.com')
, (726, 40, N'Klimentyonok', N'Josée', 0, N'gklimentyonok44@narod.ru')
, (727, 14, N'Patman', N'Léane', 1, N'ppatman4s@harvard.edu')
, (728, 80, N'Propper', N'Frédérique', 1, N'lpropper9u@exblog.jp')
, (730, 72, N'Seward', N'Kévina', 0, N'nsewardqw@barnesandnoble.com')
, (733, 75, N'Jime', N'Thérèsa', 0, N'sjimen@storify.com')
, (734, 11, N'Evamy', N'Aloïs', 1, N'gevamy22@unesco.org')
, (735, 6, N'Grabham', N'Annotés', 1, N'lgrabhamd9@jigsy.com')
, (736, 93, N'Mordacai', N'Maïly', 0, N'gmordacai90@aboutads.info')
, (737, 64, N'McCathay', N'Agnès', 0, N'kmccathay1i@photobucket.com')
, (738, 1, N'Frith', N'Nuó', 0, N'efrith4i@about.com')
, (740, 91, N'Toffoletto', N'Inès', 1, N'mtoffolettod0@alexa.com')
, (741, 82, N'Crole', N'Åsa', 0, N'dcroleb1@bandcamp.com')
, (742, 48, N'Recher', N'Renée', 1, N'crecherhr@ca.gov')
, (743, 87, N'Shaylor', N'Léone', 1, N'wshaylorhh@creativecommons.org')
, (744, 96, N'Axtell', N'Åslög', 1, N'eaxtellgv@goo.ne.jp')
, (746, 76, N'Dowling', N'Yú', 0, N'cdowlinghk@i2i.jp')
, (747, 35, N'Minifie', N'Chloé', 1, N'iminifiehc@cbc.ca')
, (749, 25, N'Klimashevich', N'Andréanne', 1, N'mklimashevich73@umich.edu')
, (752, 14, N'Gooder', N'Clémentine', 1, N'lgooder7m@cnn.com')
, (754, 7, N'Heaford', N'Noémie', 0, N'kheafordkz@google.de')
, (755, 43, N'Dowdell', N'Märta', 1, N'cdowdell5n@weibo.com')
, (756, 60, N'Devas', N'Léone', 1, N'odevas63@stanford.edu')
, (757, 55, N'McCurley', N'Cléa', 0, N'smccurley8o@unesco.org')
, (758, 18, N'Hexham', N'Eloïse', 1, N'bhexham4l@amazon.com')
, (759, 60, N'Hagland', N'Anaïs', 0, N'phagland9m@shinystat.com')
, (760, 32, N'Shuttlewood', N'Nadège', 1, N'eshuttlewoodda@ebay.co.uk')
, (761, 90, N'Landon', N'Athéna', 0, N'glandon0@usgs.gov')
, (762, 32, N'Beavers', N'Réservés', 1, N'sbeavers5q@cargocollective.com')
, (764, 52, N'Jadczak', N'Anaïs', 0, N'bjadczak2o@utexas.edu')
, (765, 31, N'Fleury', N'Céline', 0, N'bfleurylc@mail.ru')
, (766, 12, N'Trevain', N'Léandre', 1, N'jtrevain6u@clickbank.net')
, (767, 14, N'Khadir', N'Marie-françoise', 0, N'jkhadiri8@jalbum.net')
, (768, 45, N'Elloit', N'Yú', 1, N'aelloitx@comcast.net')
, (769, 79, N'Smeath', N'Marie-noël', 1, N'dsmeath8f@google.ru')
, (770, 79, N'Sherbourne', N'Célia', 0, N'tsherbourne86@cam.ac.uk')
, (771, 19, N'Pepys', N'Kallisté', 1, N'mpepysbk@gnu.org')
, (773, 12, N'Kobu', N'Adèle', 0, N'hkobuhe@timesonline.co.uk')
, (775, 68, N'Sallings', N'Lén', 0, N'lsallings19@smugmug.com')
, (776, 46, N'Mitchinson', N'Dorothée', 0, N'emitchinson7i@elegantthemes.com')
, (777, 51, N'Morales', N'Anaé', 0, N'cmoralesct@diigo.com')
, (779, 63, N'Reinbeck', N'Médiamass', 1, N'areinbeck26@skyrock.com')
, (780, 1, N'Sothern', N'Mélina', 0, N'ssothernv@yale.edu')
, (782, 29, N'Brentnall', N'Kévina', 1, N'rbrentnallbr@behance.net')
, (784, 50, N'Cavanagh', N'Magdalène', 0, N'dcavanagh9g@last.fm')
, (787, 32, N'Mauro', N'Chloé', 1, N'rmauro5w@google.ru')
, (788, 15, N'Laws', N'Ruò', 0, N'dlaws7p@unesco.org')
, (789, 99, N'Footitt', N'Nadège', 1, N'vfootitt41@reference.com')
, (790, 8, N'Dy', N'Rébecca', 1, N'edyf@about.com')
, (793, 60, N'Sewell', N'Märta', 1, N'ysewellb9@google.fr')
, (794, 24, N'Barron', N'Célestine', 0, N'ubarronb3@ning.com')
, (796, 41, N'Schwant', N'Illustrée', 0, N'aschwant31@nasa.gov')
, (798, 78, N'Thynne', N'Marie-josée', 0, N'mthynnei@microsoft.com')
, (801, 10, N'Churchward', N'Maïwenn', 0, N'cchurchward6k@free.fr')
, (802, 7, N'Darlison', N'Lucrèce', 0, N'sdarlison85@tripadvisor.com')
, (803, 66, N'McArtan', N'Göran', 1, N'jmcartanj@gmpg.org')
, (804, 28, N'Kirkpatrick', N'Séréna', 0, N'lkirkpatricko9@reverbnation.com')
, (806, 63, N'Mingay', N'Styrbjörn', 1, N'cmingay1f@virginia.edu')
, (807, 89, N'Demanche', N'Åke', 1, N'mdemanchelr@icio.us')
, (808, 2, N'Cleworth', N'Illustrée', 0, N'dcleworth4z@pcworld.com')
, (809, 61, N'Sircomb', N'Almérinda', 0, N'csircomb1b@harvard.edu')
, (811, 3, N'Cawcutt', N'Rachèle', 1, N'icawcuttld@zimbio.com')
, (812, 76, N'Sandon', N'Zoé', 0, N'dsandonlu@youku.com')
, (817, 30, N'Mc Ilwrick', N'Geneviève', 1, N'smcilwrick55@wikipedia.org')
, (819, 36, N'Thrussell', N'Adèle', 0, N'cthrussellku@unc.edu')
, (820, 21, N'Gryglewski', N'Håkan', 0, N'agryglewski5p@tinyurl.com')
, (822, 78, N'Mundwell', N'Médiamass', 1, N'wmundwellkn@ezinearticles.com')
, (824, 55, N'McLelland', N'Clémentine', 0, N'emclellandq1@apache.org')
, (825, 32, N'Ashall', N'Mélissandre', 1, N'oashalldh@geocities.jp')
, (826, 58, N'Conrart', N'Cunégonde', 1, N'fconrartgo@nasa.gov')
, (829, 92, N'Valiant', N'Gaëlle', 0, N'mvaliant4a@wikispaces.com')
, (831, 74, N'Jaeggi', N'Nadège', 0, N'hjaeggia9@nytimes.com')
, (832, 96, N'Mattheissen', N'Adélaïde', 0, N'rmattheissenmo@discuz.net')
, (833, 28, N'Tudbald', N'Börje', 1, N'atudbald3o@symantec.com')
, (834, 39, N'Broader', N'Gwenaëlle', 1, N'gbroaderap@washington.edu')
, (835, 8, N'Godart', N'Marie-thérèse', 0, N'hgodart5y@vistaprint.com')
, (836, 82, N'Wentworth', N'Annotés', 0, N'cwentworth1p@intel.com')
, (837, 73, N'Vittore', N'Almérinda', 1, N'lvittorek3@tinypic.com')
, (839, 6, N'Hayhurst', N'Esbjörn', 0, N'khayhurst46@amazon.com')
, (840, 62, N'Kearsley', N'Lóng', 1, N'hkearsley1r@constantcontact.com')
, (841, 10, N'Brobeck', N'Bérangère', 0, N'kbrobeck2v@patch.com')
, (843, 93, N'Haggarty', N'Loïca', 0, N'mhaggartymq@squidoo.com')
, (844, 97, N'Chieze', N'Méline', 1, N'xchiezepl@ihg.com')
, (845, 1, N'Dun', N'Cinéma', 1, N'cdun2h@wired.com')
, (846, 7, N'Dundon', N'Aí', 1, N'gdundon1a@ameblo.jp')
, (847, 54, N'Crombleholme', N'Örjan', 1, N'gcrombleholme2d@gizmodo.com')
, (849, 34, N'Sifflett', N'Marlène', 1, N'msifflett7u@ycombinator.com')
, (851, 33, N'Thurske', N'Dafnée', 1, N'sthurske3g@techcrunch.com')
, (852, 5, N'MacPhail', N'Léane', 0, N'rmacphail3v@nydailynews.com')
, (853, 25, N'Waycott', N'Maïlys', 1, N'fwaycottz@bandcamp.com')
, (854, 40, N'Skep', N'Börje', 1, N'jskepe1@businesswire.com')
, (857, 84, N'Wathen', N'Marie-josée', 0, N'twathenkg@diigo.com')
, (860, 95, N'O''Doran', N'Cléopatre', 0, N'eodoran6c@wired.com')
, (861, 37, N'Bigmore', N'Cécilia', 1, N'abigmoreez@redcross.org')
, (863, 19, N'Shankland', N'Marie-hélène', 1, N'kshanklandq2@naver.com')
, (864, 91, N'Commings', N'Renée', 0, N'pcommingscf@friendfeed.com')
, (865, 19, N'Tallman', N'Maïly', 0, N'ctallman5a@instagram.com')
, (867, 22, N'Grebbin', N'Cloé', 1, N'bgrebbinm1@vk.com')
, (868, 41, N'Zamboniari', N'Maëly', 0, N'mzamboniariae@multiply.com')
, (869, 10, N'Rabbitts', N'Ophélie', 1, N'jrabbittsju@state.tx.us')
, (872, 24, N'Swinglehurst', N'Cécile', 1, N'bswinglehurst2u@alibaba.com')
, (873, 32, N'Clapham', N'Mélys', 0, N'cclaphamad@japanpost.jp')
, (875, 66, N'Nolin', N'Dù', 0, N'gnolinl6@unesco.org')
, (876, 70, N'Thorwarth', N'Frédérique', 0, N'hthorwarthno@cnbc.com')
, (877, 2, N'Zaple', N'Eléa', 0, N'szaple57@tripadvisor.com')
, (878, 22, N'Livesay', N'Yáo', 0, N'jlivesay7c@baidu.com')
, (880, 32, N'Dorow', N'Adélie', 0, N'cdorow2w@baidu.com')
, (883, 80, N'Brownjohn', N'Mégane', 1, N'nbrownjohnbz@samsung.com')
, (885, 59, N'Saur', N'Bérangère', 1, N'msaurrm@163.com')
, (886, 5, N'Humbell', N'Zoé', 0, N'hhumbellrn@addthis.com')
, (887, 58, N'MacTurlough', N'Loïs', 0, N'smacturlough16@census.gov')
, (888, 75, N'Skudder', N'Clélia', 0, N'eskudder65@mediafire.com')
, (890, 46, N'Burkert', N'Kuí', 0, N'mburkertne@stanford.edu')
, (891, 35, N'Shortan', N'Léana', 1, N'sshortanbt@xing.com')
, (892, 30, N'Skryne', N'Börje', 0, N'hskryne8m@answers.com')
, (893, 2, N'Wilde', N'Eliès', 1, N'gwildei0@rediff.com')
, (896, 17, N'Izhaky', N'Lorène', 1, N'wizhaky54@huffingtonpost.com')
, (897, 35, N'Ropcke', N'Dafnée', 1, N'tropckec8@yellowpages.com')
, (898, 34, N'Redmond', N'Nélie', 1, N'eredmondmk@webs.com')
, (902, 7, N'Lunge', N'Pål', 1, N'tlungedl@trellian.com')
, (906, 65, N'Shegog', N'Hélène', 1, N'jshegog4o@t-online.de')
, (907, 19, N'Saphin', N'Angèle', 0, N'rsaphina6@blog.com')
, (911, 75, N'Broggelli', N'Gösta', 1, N'ybroggelli1c@ucoz.com')
, (914, 40, N'Crimp', N'Kallisté', 0, N'fcrimp1k@wsj.com')
, (915, 61, N'Eatttok', N'Léone', 1, N'aeatttok6e@hc360.com')
, (916, 88, N'Tresvina', N'Régine', 1, N'wtresvinaly@sbwire.com')
, (918, 4, N'Durling', N'Géraldine', 0, N'jdurling9@wordpress.org')
, (921, 73, N'Zarb', N'Maëlyss', 1, N'czarbdr@squarespace.com')
, (923, 53, N'MacCallister', N'Dù', 0, N'nmaccallisternu@unesco.org')
, (924, 46, N'Navein', N'Loïca', 1, N'fnaveinh@jimdo.com')
, (925, 87, N'Dimmick', N'Méghane', 0, N'rdimmick15@addtoany.com')
, (926, 82, N'Poyzer', N'Maëlys', 1, N'tpoyzer3c@google.ru')
, (927, 75, N'Twiname', N'Estève', 1, N'atwinamedi@upenn.edu')
, (929, 6, N'Brockley', N'Eléonore', 0, N'rbrockleycs@upenn.edu')
, (930, 3, N'Dallimare', N'Réservés', 1, N'edallimareqb@about.com')
, (931, 78, N'Klimkiewich', N'Torbjörn', 1, N'bklimkiewichfs@google.com.br')
, (932, 20, N'O''Brogan', N'Andréanne', 1, N'bobroganre@whitehouse.gov')
, (933, 84, N'Jewise', N'Tú', 1, N'ejewise1o@smugmug.com')
, (934, 70, N'Gurnett', N'Miléna', 0, N'sgurnett10@bing.com')
, (936, 91, N'Watkins', N'Méline', 1, N'jwatkinsfz@auda.org.au')
, (937, 56, N'Lapthorne', N'Cloé', 0, N'olapthornes@techcrunch.com')
, (938, 81, N'Fleeman', N'Réservés', 0, N'kfleeman69@parallels.com')
, (942, 20, N'Lillie', N'Åke', 1, N'ulillie3y@reddit.com')
, (943, 67, N'Duckers', N'Vénus', 1, N'wduckersq@godaddy.com')
, (944, 84, N'Keep', N'Anaé', 1, N'lkeep4k@simplemachines.org')
, (946, 42, N'Pischel', N'Bérangère', 0, N'lpischel7y@techcrunch.com')
, (949, 7, N'Cornes', N'Clémence', 1, N'tcornesim@omniture.com')
, (950, 51, N'Mansbridge', N'Maïwenn', 1, N'tmansbridgem2@craigslist.org')
, (951, 52, N'Priestner', N'Åslög', 1, N'mpriestnerlq@cbslocal.com')
, (952, 44, N'Watchorn', N'Maëlann', 0, N'dwatchorn3b@geocities.jp')
, (954, 55, N'Mowle', N'Styrbjörn', 0, N'mmowle4@forbes.com')
, (955, 45, N'Saxelby', N'Léane', 1, N'psaxelby1z@tamu.edu')
, (956, 38, N'Myhan', N'Hélèna', 1, N'bmyhanu@jiathis.com')
, (957, 54, N'Nilges', N'Tán', 1, N'jnilgeska@vk.com')
, (958, 66, N'Saywood', N'Gisèle', 1, N'psaywooded@etsy.com')
, (959, 75, N'Necolds', N'Méghane', 1, N'tnecolds6s@pagesperso-orange.fr')
, (961, 30, N'Stutter', N'Noémie', 1, N'fstutter2e@mozilla.com')
, (962, 58, N'Smiz', N'Léana', 1, N'hsmiz5c@oracle.com')
, (963, 4, N'Abba', N'Illustrée', 1, N'rabba40@upenn.edu')
, (966, 95, N'Peaple', N'Gaëlle', 1, N'tpeaple36@reuters.com')
, (967, 38, N'Fender', N'Kù', 1, N'hfendera@google.ru')
, (968, 87, N'Mangin', N'Börje', 0, N'amangin3e@bloglovin.com')
, (969, 34, N'Pendergast', N'Anaël', 1, N'kpendergast80@amazon.co.uk')
, (970, 50, N'Weedenburg', N'Wá', 1, N'eweedenburg6m@redcross.org')
, (971, 33, N'Rijkeseis', N'Réjane', 1, N'mrijkeseishl@wikia.com')
, (973, 78, N'Peel', N'Maïté', 0, N'bpeelee@telegraph.co.uk')
, (976, 81, N'McKelvey', N'Danièle', 0, N'gmckelveye@arstechnica.com')
, (977, 70, N'Klossmann', N'Stévina', 1, N'kklossmann98@hao123.com')
, (978, 43, N'Burnside', N'Lài', 0, N'cburnsidemy@woothemes.com')
, (980, 92, N'Lacheze', N'Méthode', 1, N'placheze84@whitehouse.gov')
, (981, 98, N'Hassur', N'Judicaël', 1, N'rhassurji@domainmarket.com')
, (982, 23, N'Kilminster', N'Håkan', 1, N'tkilminsteroe@marketwatch.com')
, (983, 1, N'Harries', N'Dà', 0, N'aharriescl@nih.gov')
, (984, 31, N'Keppe', N'Aí', 0, N'mkeppeaw@blogs.com')
, (985, 30, N'Ervin', N'Françoise', 1, N'aervin2r@army.mil')
, (986, 2, N'Sallter', N'Mylène', 1, N'gsallter2s@goo.ne.jp')
, (987, 68, N'Linner', N'Uò', 0, N'rlinner33@cyberchimps.com')
, (988, 30, N'Bridgewood', N'Lorène', 0, N'bbridgewoodqz@telegraph.co.uk')
, (990, 68, N'Cummins', N'Laurène', 0, N'rcumminsab@mapy.cz')
, (993, 14, N'BURWIN', N'Médiamass', 0, N'kburwin4t@csmonitor.com')
, (994, 90, N'Wormleighton', N'Marylène', 1, N'mwormleighton9x@webeden.co.uk')
, (995, 13, N'Paunton', N'Chloé', 0, N'cpaunton52@amazon.co.jp')
, (997, 21, N'Swiggs', N'Noëlla', 1, N'eswiggsg5@ustream.tv')
, (999, 88, N'Grestye', N'Bénédicte', 0, N'egrestyekf@qq.com');
SET IDENTITY_INSERT [dbo].[Inscription] OFF;